<?xml version="1.0" encoding="ISO-8859-1"?>
<ITRETURN:ITR xsi:schemaLocation="http://incometaxindiaefiling.gov.in/main ITRMain11.xsd" xmlns:ITR1FORM="http://incometaxindiaefiling.gov.in/ITR1" xmlns:ITR2FORM="http://incometaxindiaefiling.gov.in/ITR2" xmlns:ITR3FORM="http://incometaxindiaefiling.gov.in/ITR3" xmlns:ITR4FORM="http://incometaxindiaefiling.gov.in/ITR4" xmlns:ITRETURN="http://incometaxindiaefiling.gov.in/main" xmlns:ITRForm="http://incometaxindiaefiling.gov.in/master" xmlns:xsi="http://www.w3.org/2001/XMLSchema-instance">
<ITR4FORM:ITR4> 
    <ITRForm:CreationInfo>
        <ITRForm:SWVersionNo>R1</ITRForm:SWVersionNo>
        <ITRForm:SWCreatedBy>DIT</ITRForm:SWCreatedBy>
        <ITRForm:XMLCreatedBy>DITEXCEL</ITRForm:XMLCreatedBy>
        <ITRForm:XMLCreationDate>2011-05-15</ITRForm:XMLCreationDate>
        <ITRForm:IntermediaryCity>Delhi</ITRForm:IntermediaryCity>
    </ITRForm:CreationInfo>
    <ITRForm:Form_ITR4>
        <ITRForm:FormName>ITR-4</ITRForm:FormName>
        <ITRForm:Description>For indls and HUFs having income from  a proprietory business or profession</ITRForm:Description>
        <ITRForm:AssessmentYear>2011</ITRForm:AssessmentYear>
        <ITRForm:SchemaVer>Ver1.0</ITRForm:SchemaVer>
        <ITRForm:FormVer>Ver1.0</ITRForm:FormVer>
    </ITRForm:Form_ITR4>
    <ITRForm:PartA_GEN1>
            <ITRForm:PersonalInfo>
                <ITRForm:AssesseeName>
 <ITRForm:FirstName>ANJU</ITRForm:FirstName>
 <ITRForm:MiddleName/>
 <ITRForm:SurNameOrOrgName>BANSAL</ITRForm:SurNameOrOrgName>
            </ITRForm:AssesseeName>
 <ITRForm:PAN>AXNPB4338E</ITRForm:PAN>
            <ITRForm:Address>
 <ITRForm:ResidenceNo>573/152</ITRForm:ResidenceNo>
 <ITRForm:ResidenceName/>
 <ITRForm:RoadOrStreet>BHARTIYA COLONY</ITRForm:RoadOrStreet>
 <ITRForm:LocalityOrArea>NEW MANDI</ITRForm:LocalityOrArea>
 <ITRForm:CityOrTownOrDistrict>MUZAFFARNAGAR</ITRForm:CityOrTownOrDistrict>
 <ITRForm:StateCode>31</ITRForm:StateCode>
 <ITRForm:PinCode>251001</ITRForm:PinCode>
 <ITRForm:Phone>
                    <ITRForm:STDcode>131</ITRForm:STDcode>
                    <ITRForm:PhoneNo>2600867</ITRForm:PhoneNo>
                </ITRForm:Phone>
                    <ITRForm:MobileNo>9412213862</ITRForm:MobileNo>
 <ITRForm:EmailAddress>advocateatulag@gmail.come</ITRForm:EmailAddress>
            </ITRForm:Address>
 <ITRForm:DOB>1963-03-03</ITRForm:DOB>
 <ITRForm:EmployerCategory>NA</ITRForm:EmployerCategory>
 <ITRForm:Gender>F</ITRForm:Gender>
 <ITRForm:Status>I</ITRForm:Status>
        </ITRForm:PersonalInfo>
        <ITRForm:FilingStatus>
 <ITRForm:DesigOfficerWardorCircle>WARD-1(2)-MUZAFFARNAGAR</ITRForm:DesigOfficerWardorCircle>
 <ITRForm:ReturnFileSec>11</ITRForm:ReturnFileSec>
 <ITRForm:ReturnType>O</ITRForm:ReturnType>
 <ITRForm:ResidentialStatus>RES</ITRForm:ResidentialStatus>
 <ITRForm:AsseseeRepFlg>N</ITRForm:AsseseeRepFlg>
        </ITRForm:FilingStatus>
     </ITRForm:PartA_GEN1>
    <ITRForm:PartA_GEN2>
        <ITRForm:AuditInfo>
 <ITRForm:LiableSec44AAflg>N</ITRForm:LiableSec44AAflg>
 <ITRForm:LiableSec44ABflg>N</ITRForm:LiableSec44ABflg>
        </ITRForm:AuditInfo>
          <ITRForm:NatOfBus>
               <ITRForm:Business>
                   <ITRForm:Code>0203</ITRForm:Code>
               </ITRForm:Business>
          </ITRForm:NatOfBus>
  </ITRForm:PartA_GEN2>
   <ITRForm:PARTA_BS>
       <ITRForm:FundSrc>
           <ITRForm:PropFund>
 <ITRForm:PropCap>0</ITRForm:PropCap>
               <ITRForm:ResrNSurp>
 <ITRForm:RevResr>0</ITRForm:RevResr>
 <ITRForm:CapResr>0</ITRForm:CapResr>
 <ITRForm:StatResr>0</ITRForm:StatResr>
 <ITRForm:OthResr>0</ITRForm:OthResr>
 <ITRForm:TotResrNSurp>0</ITRForm:TotResrNSurp>
          </ITRForm:ResrNSurp>
 <ITRForm:TotPropFund>0</ITRForm:TotPropFund>
          </ITRForm:PropFund>
           <ITRForm:LoanFunds>
               <ITRForm:SecrLoan>
 <ITRForm:ForeignCurrLoan>0</ITRForm:ForeignCurrLoan>
                   <ITRForm:RupeeLoan>
 <ITRForm:FrmBank>0</ITRForm:FrmBank>
 <ITRForm:FrmOthrs>0</ITRForm:FrmOthrs>
 <ITRForm:TotRupeeLoan>0</ITRForm:TotRupeeLoan>
          </ITRForm:RupeeLoan>
 <ITRForm:TotSecrLoan>0</ITRForm:TotSecrLoan>
          </ITRForm:SecrLoan>
               <ITRForm:UnsecrLoan>
 <ITRForm:FrmBank>0</ITRForm:FrmBank>
 <ITRForm:FrmOthrs>0</ITRForm:FrmOthrs>
 <ITRForm:TotUnSecrLoan>0</ITRForm:TotUnSecrLoan>
          </ITRForm:UnsecrLoan>
 <ITRForm:TotLoanFund>0</ITRForm:TotLoanFund>
          </ITRForm:LoanFunds>
 <ITRForm:DeferredTax>0</ITRForm:DeferredTax>
 <ITRForm:TotFundSrc>0</ITRForm:TotFundSrc>
  </ITRForm:FundSrc>
       <ITRForm:FundApply>
           <ITRForm:FixedAsset>
 <ITRForm:GrossBlock>0</ITRForm:GrossBlock>
 <ITRForm:Depreciation>0</ITRForm:Depreciation>
 <ITRForm:NetBlock>0</ITRForm:NetBlock>
 <ITRForm:CapWrkProg>0</ITRForm:CapWrkProg>
 <ITRForm:TotFixedAsset>0</ITRForm:TotFixedAsset>
          </ITRForm:FixedAsset>
           <ITRForm:Investments>
               <ITRForm:LongTermInv>
 <ITRForm:GovtOthSecQuoted>0</ITRForm:GovtOthSecQuoted>
 <ITRForm:GovOthSecUnQoted>0</ITRForm:GovOthSecUnQoted>
 <ITRForm:TotLongTermInv>0</ITRForm:TotLongTermInv>
          </ITRForm:LongTermInv>
               <ITRForm:TradeInv>
 <ITRForm:EquityShares>0</ITRForm:EquityShares>
 <ITRForm:PreferShares>0</ITRForm:PreferShares>
 <ITRForm:Debenture>0</ITRForm:Debenture>
 <ITRForm:TotTradeInv>0</ITRForm:TotTradeInv>
          </ITRForm:TradeInv>
 <ITRForm:TotInvestments>0</ITRForm:TotInvestments>
          </ITRForm:Investments>
 <ITRForm:CurrAssetLoanAdv>
               <ITRForm:CurrAsset>
                   <ITRForm:Inventories>
 <ITRForm:StoresConsumables>0</ITRForm:StoresConsumables>
 <ITRForm:RawMatl>0</ITRForm:RawMatl>
 <ITRForm:StkInProcess>0</ITRForm:StkInProcess>
 <ITRForm:FinOrTradGood>0</ITRForm:FinOrTradGood>
 <ITRForm:TotInventries>0</ITRForm:TotInventries>
          </ITRForm:Inventories>
 <ITRForm:SndryDebtors>0</ITRForm:SndryDebtors>
                   <ITRForm:CashOrBankBal>
 <ITRForm:CashinHand>0</ITRForm:CashinHand>
 <ITRForm:BankBal>0</ITRForm:BankBal>
 <ITRForm:TotCashOrBankBal>0</ITRForm:TotCashOrBankBal>
          </ITRForm:CashOrBankBal>
 <ITRForm:OthCurrAsset>0</ITRForm:OthCurrAsset>
 <ITRForm:TotCurrAsset>0</ITRForm:TotCurrAsset>
          </ITRForm:CurrAsset>
               <ITRForm:LoanAdv>
 <ITRForm:AdvRecoverable>0</ITRForm:AdvRecoverable>
 <ITRForm:Deposits>0</ITRForm:Deposits>
 <ITRForm:BalWithRevAuth>0</ITRForm:BalWithRevAuth>
 <ITRForm:TotLoanAdv>0</ITRForm:TotLoanAdv>
          </ITRForm:LoanAdv>
 <ITRForm:TotCurrAssetLoanAdv>0</ITRForm:TotCurrAssetLoanAdv>
              <ITRForm:CurrLiabilitiesProv>
                   <ITRForm:CurrLiabilities>
 <ITRForm:SundryCred>0</ITRForm:SundryCred>
 <ITRForm:LiabForLeasedAsset>0</ITRForm:LiabForLeasedAsset>
 <ITRForm:AccrIntonLeasedAsset>0</ITRForm:AccrIntonLeasedAsset>
 <ITRForm:AccrIntNotDue>0</ITRForm:AccrIntNotDue>
 <ITRForm:TotCurrLiabilities>0</ITRForm:TotCurrLiabilities>
          </ITRForm:CurrLiabilities>
                   <ITRForm:Provisions>
 <ITRForm:ITProvision>0</ITRForm:ITProvision>
 <ITRForm:WTProvision>0</ITRForm:WTProvision>
 <ITRForm:ELSuperAnnGratProvision>0</ITRForm:ELSuperAnnGratProvision>
 <ITRForm:OthProvision>0</ITRForm:OthProvision>
 <ITRForm:TotProvisions>0</ITRForm:TotProvisions>
          </ITRForm:Provisions>
 <ITRForm:TotCurrLiabilitiesProvision>0</ITRForm:TotCurrLiabilitiesProvision>
          </ITRForm:CurrLiabilitiesProv>
 <ITRForm:NetCurrAsset>0</ITRForm:NetCurrAsset>
          </ITRForm:CurrAssetLoanAdv>
           <ITRForm:MiscAdjust>
 <ITRForm:MiscExpndr>0</ITRForm:MiscExpndr>
 <ITRForm:DefTaxAsset>0</ITRForm:DefTaxAsset>
 <ITRForm:AccumaltedLosses>0</ITRForm:AccumaltedLosses>
 <ITRForm:TotMiscAdjust>0</ITRForm:TotMiscAdjust>
          </ITRForm:MiscAdjust>
 <ITRForm:TotFundApply>0</ITRForm:TotFundApply>
  </ITRForm:FundApply>
       <ITRForm:NoBooksOfAccBS>
 <ITRForm:TotSundryDbtAmt>132000</ITRForm:TotSundryDbtAmt>
 <ITRForm:TotSundryCrdAmt>0</ITRForm:TotSundryCrdAmt>
 <ITRForm:TotStkInTradAmt>78500</ITRForm:TotStkInTradAmt>
 <ITRForm:CashBalAmt>27241</ITRForm:CashBalAmt>
  </ITRForm:NoBooksOfAccBS>
  </ITRForm:PARTA_BS>
     <ITRForm:PARTA_PL>
             <ITRForm:CreditsToPL>
 <ITRForm:BusinessReceipts>0</ITRForm:BusinessReceipts>
           <ITRForm:ExciseCustomsVAT>
 <ITRForm:UnionExciseDuty>0</ITRForm:UnionExciseDuty>
 <ITRForm:ServiceTax>0</ITRForm:ServiceTax>
 <ITRForm:VATorSaleTax>0</ITRForm:VATorSaleTax>
 <ITRForm:OthDutyTaxCess>0</ITRForm:OthDutyTaxCess>
 <ITRForm:TotExciseCustomsVAT>0</ITRForm:TotExciseCustomsVAT>
            </ITRForm:ExciseCustomsVAT>
            <ITRForm:OthIncome>
 <ITRForm:RentInc>0</ITRForm:RentInc>
 <ITRForm:Comissions>0</ITRForm:Comissions>
 <ITRForm:Dividends>0</ITRForm:Dividends>
 <ITRForm:InterestInc>0</ITRForm:InterestInc>
 <ITRForm:ProfitOnSaleFixedAsset>0</ITRForm:ProfitOnSaleFixedAsset>
 <ITRForm:ProfitOnInvChrSTT>0</ITRForm:ProfitOnInvChrSTT>
 <ITRForm:ProfitOnOthInv>0</ITRForm:ProfitOnOthInv>
 <ITRForm:ProfitOnCurrFluct>0</ITRForm:ProfitOnCurrFluct>
 <ITRForm:ProfitOnAgriIncome>0</ITRForm:ProfitOnAgriIncome>
 <ITRForm:MiscOthIncome>0</ITRForm:MiscOthIncome>
 <ITRForm:TotOthIncome>0</ITRForm:TotOthIncome>
            </ITRForm:OthIncome>
 <ITRForm:ClosingStock>0</ITRForm:ClosingStock>
 <ITRForm:TotCreditsToPL>0</ITRForm:TotCreditsToPL>
         </ITRForm:CreditsToPL>
        <ITRForm:DebitsToPL>
 <ITRForm:OpeningStock>0</ITRForm:OpeningStock>
 <ITRForm:Purchases>0</ITRForm:Purchases>
            <ITRForm:DutyTaxPay>
                <ITRForm:ExciseCustomsVAT>
 <ITRForm:CustomDuty>0</ITRForm:CustomDuty>
 <ITRForm:CounterVailDuty>0</ITRForm:CounterVailDuty>
 <ITRForm:SplAddDuty>0</ITRForm:SplAddDuty>
 <ITRForm:UnionExciseDuty>0</ITRForm:UnionExciseDuty>
 <ITRForm:ServiceTax>0</ITRForm:ServiceTax>
 <ITRForm:VATorSaleTax>0</ITRForm:VATorSaleTax>
 <ITRForm:OthDutyTaxCess>0</ITRForm:OthDutyTaxCess>
 <ITRForm:TotExciseCustomsVAT>0</ITRForm:TotExciseCustomsVAT>
                </ITRForm:ExciseCustomsVAT>
            </ITRForm:DutyTaxPay>
 <ITRForm:Freight>0</ITRForm:Freight>
 <ITRForm:ConsumptionOfStores>0</ITRForm:ConsumptionOfStores>
 <ITRForm:PowerFuel>0</ITRForm:PowerFuel>
 <ITRForm:RentExpdr>0</ITRForm:RentExpdr>
 <ITRForm:RepairsBldg>0</ITRForm:RepairsBldg>
 <ITRForm:RepairMach>0</ITRForm:RepairMach>
            <ITRForm:EmployeeComp>
 <ITRForm:SalsWages>0</ITRForm:SalsWages>
 <ITRForm:Bonus>0</ITRForm:Bonus>
 <ITRForm:MedExpReimb>0</ITRForm:MedExpReimb>
 <ITRForm:LeaveEncash>0</ITRForm:LeaveEncash>
 <ITRForm:LeaveTravelBenft>0</ITRForm:LeaveTravelBenft>
 <ITRForm:ContToSuperAnnFund>0</ITRForm:ContToSuperAnnFund>
 <ITRForm:ContToPF>0</ITRForm:ContToPF>
 <ITRForm:ContToGratFund>0</ITRForm:ContToGratFund>
 <ITRForm:ContToOthFund>0</ITRForm:ContToOthFund>
 <ITRForm:OthEmpBenftExpdr>0</ITRForm:OthEmpBenftExpdr>
 <ITRForm:TotEmployeeComp>0</ITRForm:TotEmployeeComp>
            </ITRForm:EmployeeComp>
             <ITRForm:Insurances>
 <ITRForm:MedInsur>0</ITRForm:MedInsur>
 <ITRForm:LifeInsur>0</ITRForm:LifeInsur>
 <ITRForm:KeyManInsur>0</ITRForm:KeyManInsur>
 <ITRForm:OthInsur>0</ITRForm:OthInsur>
 <ITRForm:TotInsurances>0</ITRForm:TotInsurances>
            </ITRForm:Insurances>
 <ITRForm:StaffWelfareExp>0</ITRForm:StaffWelfareExp>
 <ITRForm:Entertainment>0</ITRForm:Entertainment>
 <ITRForm:Hospitality>0</ITRForm:Hospitality>
 <ITRForm:Conference>0</ITRForm:Conference>
 <ITRForm:SalePromoExp>0</ITRForm:SalePromoExp>
 <ITRForm:Advertisement>0</ITRForm:Advertisement>
 <ITRForm:CommissionExpdr>0</ITRForm:CommissionExpdr>
 <ITRForm:HotelBoardLodge>0</ITRForm:HotelBoardLodge>
 <ITRForm:TravelExp>0</ITRForm:TravelExp>
 <ITRForm:ConveyanceExp>0</ITRForm:ConveyanceExp>
 <ITRForm:TelephoneExp>0</ITRForm:TelephoneExp>
 <ITRForm:GuestHouseExp>0</ITRForm:GuestHouseExp>
 <ITRForm:ClubExp>0</ITRForm:ClubExp>
 <ITRForm:FestivalCelebExp>0</ITRForm:FestivalCelebExp>
 <ITRForm:Scholarship>0</ITRForm:Scholarship>
 <ITRForm:Gift>0</ITRForm:Gift>
 <ITRForm:Donation>0</ITRForm:Donation>
 <ITRForm:RatesTaxesPays>
  <ITRForm:ExciseCustomsVAT>
 <ITRForm:UnionExciseDuty>0</ITRForm:UnionExciseDuty>
 <ITRForm:ServiceTax>0</ITRForm:ServiceTax>
 <ITRForm:VATorSaleTax>0</ITRForm:VATorSaleTax>
 <ITRForm:OthDutyTaxCess>0</ITRForm:OthDutyTaxCess>
 <ITRForm:Cess>0</ITRForm:Cess>
 <ITRForm:TotExciseCustomsVAT>0</ITRForm:TotExciseCustomsVAT>
  </ITRForm:ExciseCustomsVAT>
 </ITRForm:RatesTaxesPays>
 <ITRForm:AuditFee>0</ITRForm:AuditFee>
 <ITRForm:OtherExpenses>0</ITRForm:OtherExpenses>
 <ITRForm:BadDebt>0</ITRForm:BadDebt>
 <ITRForm:ProvForBadDoubtDebt>0</ITRForm:ProvForBadDoubtDebt>
 <ITRForm:OthProvisionsExpdr>0</ITRForm:OthProvisionsExpdr>
 <ITRForm:PBIDTA>0</ITRForm:PBIDTA>
 <ITRForm:InterestExpdr>0</ITRForm:InterestExpdr>
 <ITRForm:DepreciationAmort>0</ITRForm:DepreciationAmort>
 <ITRForm:PBT>0</ITRForm:PBT>
  </ITRForm:DebitsToPL>
  <ITRForm:TaxProvAppr>
 <ITRForm:ProvForCurrTax>0</ITRForm:ProvForCurrTax>
 <ITRForm:ProvDefTax>0</ITRForm:ProvDefTax>
 <ITRForm:ProfitAfterTax>0</ITRForm:ProfitAfterTax>
 <ITRForm:BalBFPrevYr>0</ITRForm:BalBFPrevYr>
 <ITRForm:AmtAvlAppr>0</ITRForm:AmtAvlAppr>
 <ITRForm:TrfToReserves>0</ITRForm:TrfToReserves>
 <ITRForm:ProprietorAccBalTrf>0</ITRForm:ProprietorAccBalTrf>
 </ITRForm:TaxProvAppr>
 <ITRForm:NoBooksOfAccPL>
 <ITRForm:GrossReceipt>1592900</ITRForm:GrossReceipt>
 <ITRForm:GrossProfit>143361</ITRForm:GrossProfit>
 <ITRForm:Expenses>0</ITRForm:Expenses>
 <ITRForm:NetProfit>143361</ITRForm:NetProfit>
 </ITRForm:NoBooksOfAccPL>
 </ITRForm:PARTA_PL>
 <ITRForm:PARTA_OI>
 <ITRForm:MethodOfAcct>MERC</ITRForm:MethodOfAcct>
 <ITRForm:ChangeInAcctMethFlg>N</ITRForm:ChangeInAcctMethFlg>
 <ITRForm:ProfDeviatDueAcctMeth>0</ITRForm:ProfDeviatDueAcctMeth>
 <ITRForm:NoCredToPLAmt>
 <ITRForm:Section28Items>0</ITRForm:Section28Items>
 <ITRForm:ProformaCreditsDue>0</ITRForm:ProformaCreditsDue>
 <ITRForm:PrevYrEscalClaim>0</ITRForm:PrevYrEscalClaim>
 <ITRForm:OthItemInc>0</ITRForm:OthItemInc>
 <ITRForm:CapReceipt>0</ITRForm:CapReceipt>
 <ITRForm:TotNoCredToPLAmt>0</ITRForm:TotNoCredToPLAmt>
 </ITRForm:NoCredToPLAmt>
 <ITRForm:AmtDisallUs36>
 <ITRForm:StkInsurPrem>0</ITRForm:StkInsurPrem>
 <ITRForm:EmpHealthInsurPrem>0</ITRForm:EmpHealthInsurPrem>
 <ITRForm:EmpBonusCommSum>0</ITRForm:EmpBonusCommSum>
 <ITRForm:IntOnBorrCap>0</ITRForm:IntOnBorrCap>
 <ITRForm:ZeroCoupBondDisc>0</ITRForm:ZeroCoupBondDisc>
 <ITRForm:RecogPFContribAmt>0</ITRForm:RecogPFContribAmt>
 <ITRForm:AppSuperAnnFundAmt>0</ITRForm:AppSuperAnnFundAmt>
 <ITRForm:AppGratFundAmt>0</ITRForm:AppGratFundAmt>
 <ITRForm:OthFundAmt>0</ITRForm:OthFundAmt>
 <ITRForm:BadDebtDoubtAmt>0</ITRForm:BadDebtDoubtAmt>
 <ITRForm:BadDebtDoubtProvn>0</ITRForm:BadDebtDoubtProvn>
 <ITRForm:SpecResrvTranfr>0</ITRForm:SpecResrvTranfr>
 <ITRForm:FamPlanPromoExp>0</ITRForm:FamPlanPromoExp>
 <ITRForm:EmpContributionCredits>0</ITRForm:EmpContributionCredits>
 <ITRForm:OthDisallowances>0</ITRForm:OthDisallowances>
 <ITRForm:TotAmtDisallUs36>0</ITRForm:TotAmtDisallUs36>
 </ITRForm:AmtDisallUs36>
 <ITRForm:AmtDisallUs37>
 <ITRForm:PersonalExp>0</ITRForm:PersonalExp>
 <ITRForm:PoliticPartyExp>0</ITRForm:PoliticPartyExp>
 <ITRForm:LawVoilatPenalExp>0</ITRForm:LawVoilatPenalExp>
 <ITRForm:OthPenalFineExp>0</ITRForm:OthPenalFineExp>
 <ITRForm:OffenceExp>0</ITRForm:OffenceExp>
 <ITRForm:ContigentLiability>0</ITRForm:ContigentLiability>
 <ITRForm:AmtNotPartTotInc>0</ITRForm:AmtNotPartTotInc>
 <ITRForm:OthAmtNotAllowUs37>0</ITRForm:OthAmtNotAllowUs37>
 <ITRForm:TotAmtDisallUs37>0</ITRForm:TotAmtDisallUs37>
 </ITRForm:AmtDisallUs37>
 <ITRForm:AmtDisallUs40>
 <ITRForm:NonCompChapXVIIBAmt>0</ITRForm:NonCompChapXVIIBAmt>
 <ITRForm:STTAmt>0</ITRForm:STTAmt>
 <ITRForm:FBTAmt>0</ITRForm:FBTAmt>
 <ITRForm:TaxAmtOnProfits>0</ITRForm:TaxAmtOnProfits>
 <ITRForm:WTAmt>0</ITRForm:WTAmt>
 <ITRForm:IntSalBonPartner>0</ITRForm:IntSalBonPartner>
 <ITRForm:OthDisallow>0</ITRForm:OthDisallow>
 <ITRForm:TotAmtDisallUs40>0</ITRForm:TotAmtDisallUs40>
 <ITRForm:AmtDisallUs40PyNowAll>0</ITRForm:AmtDisallUs40PyNowAll>
 </ITRForm:AmtDisallUs40>
 <ITRForm:AmtDisallUs40A>
 <ITRForm:AmtPaidUs40A2b>0</ITRForm:AmtPaidUs40A2b>
 <ITRForm:AmtGT20kCash>0</ITRForm:AmtGT20kCash>
 <ITRForm:ProvPmtGrat>0</ITRForm:ProvPmtGrat>
 <ITRForm:ContToSetupTrust>0</ITRForm:ContToSetupTrust>
 <ITRForm:OthDisallow>0</ITRForm:OthDisallow>
 <ITRForm:TotAmtDisallUs40A>0</ITRForm:TotAmtDisallUs40A>
 </ITRForm:AmtDisallUs40A>
 <ITRForm:AmtDisallUs43BPyNowAll>
 <ITRForm:AmtUs43B>
 <ITRForm:TaxDutyCesAmt>0</ITRForm:TaxDutyCesAmt>
 <ITRForm:ContToEmpPFSFGF>0</ITRForm:ContToEmpPFSFGF>
 <ITRForm:EmpBonusComm>0</ITRForm:EmpBonusComm>
 <ITRForm:IntPayaleToFI>0</ITRForm:IntPayaleToFI>
 <ITRForm:IntPayaleToFISchBank>0</ITRForm:IntPayaleToFISchBank>
 <ITRForm:LeaveEncashPayable>0</ITRForm:LeaveEncashPayable>
 <ITRForm:TotAmtUs43b>0</ITRForm:TotAmtUs43b>
 </ITRForm:AmtUs43B>
 </ITRForm:AmtDisallUs43BPyNowAll>
 <ITRForm:AmtDisall43B>
 <ITRForm:AmtUs43B>
 <ITRForm:TaxDutyCesAmt>0</ITRForm:TaxDutyCesAmt>
 <ITRForm:ContToEmpPFSFGF>0</ITRForm:ContToEmpPFSFGF>
 <ITRForm:EmpBonusComm>0</ITRForm:EmpBonusComm>
 <ITRForm:IntPayaleToFI>0</ITRForm:IntPayaleToFI>
 <ITRForm:IntPayaleToFISchBank>0</ITRForm:IntPayaleToFISchBank>
 <ITRForm:LeaveEncashPayable>0</ITRForm:LeaveEncashPayable>
 <ITRForm:TotAmtUs43b>0</ITRForm:TotAmtUs43b>
 </ITRForm:AmtUs43B>
 </ITRForm:AmtDisall43B>
 <ITRForm:AmtExciseCustomsVATOutstanding>
 <ITRForm:ExciseCustomsVAT>
 <ITRForm:UnionExciseDuty>0</ITRForm:UnionExciseDuty>
 <ITRForm:ServiceTax>0</ITRForm:ServiceTax>
 <ITRForm:VATorSaleTax>0</ITRForm:VATorSaleTax>
 <ITRForm:OthDutyTaxCess>0</ITRForm:OthDutyTaxCess>
 <ITRForm:TotExciseCustomsVAT>0</ITRForm:TotExciseCustomsVAT>
 </ITRForm:ExciseCustomsVAT>
 </ITRForm:AmtExciseCustomsVATOutstanding>
 <ITRForm:DeemedProfUs33ABs>0</ITRForm:DeemedProfUs33ABs>
 <ITRForm:ProfTaxAmtUs41>0</ITRForm:ProfTaxAmtUs41>
 <ITRForm:PriorAmtIncCrDrPL>0</ITRForm:PriorAmtIncCrDrPL>
 </ITRForm:PARTA_OI>
 <ITRForm:PartB-TI>
 <ITRForm:Salaries>0</ITRForm:Salaries>
 <ITRForm:IncomeFromHP>0</ITRForm:IncomeFromHP>
      <ITRForm:ProfBusGain>
 <ITRForm:ProfGainNoSpecBus>143361</ITRForm:ProfGainNoSpecBus>
 <ITRForm:ProfGainSpecBus>0</ITRForm:ProfGainSpecBus>
 <ITRForm:TotProfBusGain>143361</ITRForm:TotProfBusGain>
      </ITRForm:ProfBusGain>
      <ITRForm:CapGain>
      <ITRForm:ShortTerm>
 <ITRForm:ShortTermUs111A>0</ITRForm:ShortTermUs111A>
 <ITRForm:ShortTermOther>0</ITRForm:ShortTermOther>
 <ITRForm:TotalShortTerm>0</ITRForm:TotalShortTerm>
      </ITRForm:ShortTerm>
 <ITRForm:LongTerm>0</ITRForm:LongTerm>
 <ITRForm:TotalCapGains>0</ITRForm:TotalCapGains>
  </ITRForm:CapGain>
  <ITRForm:IncFromOS>
 <ITRForm:OtherSrcThanOwnRaceHorse>18000</ITRForm:OtherSrcThanOwnRaceHorse>
 <ITRForm:FromOwnRaceHorse>0</ITRForm:FromOwnRaceHorse>
 <ITRForm:TotIncFromOS>18000</ITRForm:TotIncFromOS>
      </ITRForm:IncFromOS>
 <ITRForm:TotalTI>161361</ITRForm:TotalTI>
 <ITRForm:CurrentYearLoss>0</ITRForm:CurrentYearLoss>
 <ITRForm:BalanceAfterSetoffLosses>161361</ITRForm:BalanceAfterSetoffLosses>
 <ITRForm:BroughtFwdLossesSetoff>0</ITRForm:BroughtFwdLossesSetoff>
 <ITRForm:GrossTotalIncome>161361</ITRForm:GrossTotalIncome>
 <ITRForm:DeductionsUnderScheduleVIA>0</ITRForm:DeductionsUnderScheduleVIA>
 <ITRForm:TotalIncome>161361</ITRForm:TotalIncome>
 <ITRForm:NetAgricultureIncomeOrOtherIncomeForRate>0</ITRForm:NetAgricultureIncomeOrOtherIncomeForRate>
 <ITRForm:AggregateIncome>161361</ITRForm:AggregateIncome>
 <ITRForm:LossesOfCurrentYearCarriedFwd>0</ITRForm:LossesOfCurrentYearCarriedFwd>
      </ITRForm:PartB-TI>
 <ITRForm:PartB_TTI>
 <ITRForm:ComputationOfTaxLiability>
 <ITRForm:TaxPayableOnTI>
 <ITRForm:TaxAtNormalRatesOnAggrInc>0</ITRForm:TaxAtNormalRatesOnAggrInc>
 <ITRForm:TaxAtSpecialRates>0</ITRForm:TaxAtSpecialRates>
 <ITRForm:TaxOnAggregateInc>0</ITRForm:TaxOnAggregateInc>
 <ITRForm:RebateOnAgriInc>0</ITRForm:RebateOnAgriInc>
 <ITRForm:TaxPayableOnTotInc>0</ITRForm:TaxPayableOnTotInc>
 </ITRForm:TaxPayableOnTI>
 <ITRForm:RebateUs88E>0</ITRForm:RebateUs88E>
 <ITRForm:BalTaxPayable>0</ITRForm:BalTaxPayable>
 <ITRForm:SurchargeOnTaxPayable>0</ITRForm:SurchargeOnTaxPayable>
 <ITRForm:EducationCess>0</ITRForm:EducationCess>
 <ITRForm:GrossTaxLiability>0</ITRForm:GrossTaxLiability>
 <ITRForm:TaxRelief>
 <ITRForm:Section89>0</ITRForm:Section89>
 <ITRForm:Section90>0</ITRForm:Section90>
 <ITRForm:Section91>0</ITRForm:Section91>
 <ITRForm:TotTaxRelief>0</ITRForm:TotTaxRelief>
 </ITRForm:TaxRelief>
 <ITRForm:NetTaxLiability>0</ITRForm:NetTaxLiability>
 <ITRForm:IntrstPay>
 <ITRForm:IntrstPayUs234A>0</ITRForm:IntrstPayUs234A>
 <ITRForm:IntrstPayUs234B>0</ITRForm:IntrstPayUs234B>
 <ITRForm:IntrstPayUs234C>0</ITRForm:IntrstPayUs234C>
 <ITRForm:TotalIntrstPay>0</ITRForm:TotalIntrstPay>
 </ITRForm:IntrstPay>
 <ITRForm:AggregateTaxInterestLiability>0</ITRForm:AggregateTaxInterestLiability>
 </ITRForm:ComputationOfTaxLiability>
 <ITRForm:TaxPaid>
 <ITRForm:TaxesPaid>
 <ITRForm:AdvanceTax>0</ITRForm:AdvanceTax>
 <ITRForm:TDS>0</ITRForm:TDS>
 <ITRForm:TCS>0</ITRForm:TCS>
 <ITRForm:SelfAssessmentTax>0</ITRForm:SelfAssessmentTax>
 <ITRForm:TotalTaxesPaid>0</ITRForm:TotalTaxesPaid>
 </ITRForm:TaxesPaid>
 <ITRForm:BalTaxPayable>0</ITRForm:BalTaxPayable>
 </ITRForm:TaxPaid>
 <ITRForm:Refund>
 <ITRForm:RefundDue>0</ITRForm:RefundDue>
 <ITRForm:BankAccountNumber>00</ITRForm:BankAccountNumber>
 <ITRForm:EcsRequired/>
 </ITRForm:Refund>
 </ITRForm:PartB_TTI>
 <ITRForm:Verification>
  <ITRForm:Declaration>
 <ITRForm:AssesseeVerName>ANJU BANSAL</ITRForm:AssesseeVerName>
 <ITRForm:FatherName>NANHE MAL</ITRForm:FatherName>
               <ITRForm:AssesseeVerPAN>AXNPB4338E</ITRForm:AssesseeVerPAN>
 </ITRForm:Declaration>
 <ITRForm:Place>MUZAFFARNAGAR</ITRForm:Place>
 <ITRForm:Date>2011-09-27</ITRForm:Date>
 </ITRForm:Verification>
 <ITRForm:ITR4ScheduleBP>
 <ITRForm:BusinessIncOthThanSpec>
 <ITRForm:ProfBfrTaxPL>143361</ITRForm:ProfBfrTaxPL>
 <ITRForm:NetPLFromSpecBus>0</ITRForm:NetPLFromSpecBus>
 <ITRForm:IncRecCredPLOthHeads>0</ITRForm:IncRecCredPLOthHeads>
 <ITRForm:PLUs44sChapXIIG>0</ITRForm:PLUs44sChapXIIG>
 <ITRForm:IncCredPL>
 <ITRForm:FirmShareInc>0</ITRForm:FirmShareInc>
 <ITRForm:AOPBOISharInc>0</ITRForm:AOPBOISharInc>
 <ITRForm:OthExempInc>0</ITRForm:OthExempInc>
 <ITRForm:TotExempIncPL>0</ITRForm:TotExempIncPL>
 </ITRForm:IncCredPL>
 <ITRForm:BalancePLOthThanSpecBus>143361</ITRForm:BalancePLOthThanSpecBus>
 <ITRForm:ExpDebToPLOthHeads>0</ITRForm:ExpDebToPLOthHeads>
 <ITRForm:ExpDebToPLExemptInc>0</ITRForm:ExpDebToPLExemptInc>
 <ITRForm:TotExpDebPL>0</ITRForm:TotExpDebPL>
 <ITRForm:AdjustedPLOthThanSpecBus>143361</ITRForm:AdjustedPLOthThanSpecBus>
 <ITRForm:DepreciationDebPLCosAct>0</ITRForm:DepreciationDebPLCosAct>
 <ITRForm:DepreciationAllowITAct32>
 <ITRForm:DepreciationAllowUs32_1_ii>0</ITRForm:DepreciationAllowUs32_1_ii>
 <ITRForm:DepreciationAllowUs32_1_i>0</ITRForm:DepreciationAllowUs32_1_i>
 <ITRForm:TotDeprAllowITAct>0</ITRForm:TotDeprAllowITAct>
 </ITRForm:DepreciationAllowITAct32>
 <ITRForm:AdjustPLAfterDeprOthSpecInc>143361</ITRForm:AdjustPLAfterDeprOthSpecInc>
 <ITRForm:AmtDebPLDisallowUs36>0</ITRForm:AmtDebPLDisallowUs36>
 <ITRForm:AmtDebPLDisallowUs37>0</ITRForm:AmtDebPLDisallowUs37>
 <ITRForm:AmtDebPLDisallowUs40>0</ITRForm:AmtDebPLDisallowUs40>
 <ITRForm:AmtDebPLDisallowUs40A>0</ITRForm:AmtDebPLDisallowUs40A>
 <ITRForm:AmtDebPLDisallowUs43B>0</ITRForm:AmtDebPLDisallowUs43B>
 <ITRForm:InterestDisAllowUs23SMEAct>0</ITRForm:InterestDisAllowUs23SMEAct>
 <ITRForm:DeemIncUs41>0</ITRForm:DeemIncUs41>
 <ITRForm:DeemIncUs3380HHD80IA>0</ITRForm:DeemIncUs3380HHD80IA>
 <ITRForm:OthItemDisallowUs28To44DA>0</ITRForm:OthItemDisallowUs28To44DA>
 <ITRForm:AnyOthIncNotInclInExpDisallowPL>0</ITRForm:AnyOthIncNotInclInExpDisallowPL>
 <ITRForm:TotAfterAddToPLDeprOthSpecInc>0</ITRForm:TotAfterAddToPLDeprOthSpecInc>
 <ITRForm:DeductUs32_1_iii>0</ITRForm:DeductUs32_1_iii>
 <ITRForm:DebPLUs35ExcessAmt>0</ITRForm:DebPLUs35ExcessAmt>
 <ITRForm:AmtDisallUs40NowAllow>0</ITRForm:AmtDisallUs40NowAllow>
 <ITRForm:AmtDisallUs43BNowAllow>0</ITRForm:AmtDisallUs43BNowAllow>
 <ITRForm:DeductUs35AC>
 <ITRForm:DebPL35ACAmt>0</ITRForm:DebPL35ACAmt>
 <ITRForm:AmtAllowUs35ACt>0</ITRForm:AmtAllowUs35ACt>
 <ITRForm:ExcessAmtDeduct35AC>0</ITRForm:ExcessAmtDeduct35AC>
 </ITRForm:DeductUs35AC>
 <ITRForm:AnyOthAmtAllDeduct>0</ITRForm:AnyOthAmtAllDeduct>
 <ITRForm:TotDeductionAmts>0</ITRForm:TotDeductionAmts>
 <ITRForm:PLAftAdjDedBusOthThanSpec>143361</ITRForm:PLAftAdjDedBusOthThanSpec>
 <ITRForm:DeemedProfitBusUs>
 <ITRForm:Section44AD>0</ITRForm:Section44AD>
 <ITRForm:Section44AE>0</ITRForm:Section44AE>
 <ITRForm:Section44AF>0</ITRForm:Section44AF>
 <ITRForm:Section44B>0</ITRForm:Section44B>
 <ITRForm:Section44BB>0</ITRForm:Section44BB>
 <ITRForm:Section44BBA>0</ITRForm:Section44BBA>
 <ITRForm:Section44BBB>0</ITRForm:Section44BBB>
 <ITRForm:Section44D>0</ITRForm:Section44D>
 <ITRForm:Section44DA>0</ITRForm:Section44DA>
 <ITRForm:ChapterXIIG>0</ITRForm:ChapterXIIG>
 <ITRForm:FirstSchTAct>0</ITRForm:FirstSchTAct>
 <ITRForm:TotDeemedProfitBusUs>0</ITRForm:TotDeemedProfitBusUs>
 </ITRForm:DeemedProfitBusUs>
 <ITRForm:ProfitLossBfrDeductUs10s>143361</ITRForm:ProfitLossBfrDeductUs10s>
 <ITRForm:DeductionUs10s>
 <ITRForm:Section10A>0</ITRForm:Section10A>
 <ITRForm:Section10AA>0</ITRForm:Section10AA>
 <ITRForm:Section10B>0</ITRForm:Section10B>
 <ITRForm:Section10BA>0</ITRForm:Section10BA>
 <ITRForm:TotDeductionUs10s>0</ITRForm:TotDeductionUs10s>
 </ITRForm:DeductionUs10s>
 <ITRForm:NetPLAftAdjBusOthThanSpec>143361</ITRForm:NetPLAftAdjBusOthThanSpec>
 <ITRForm:NetPLBusOthThanSpec7A7B7C>143361</ITRForm:NetPLBusOthThanSpec7A7B7C>
 </ITRForm:BusinessIncOthThanSpec>
 <ITRForm:SpecBusinessInc>
 <ITRForm:NetPLFrmSpecBus>0</ITRForm:NetPLFrmSpecBus>
 <ITRForm:AdditionUs28to44DA>0</ITRForm:AdditionUs28to44DA>
 <ITRForm:DeductUs28to44DA>0</ITRForm:DeductUs28to44DA>
 <ITRForm:AdjustedPLFrmSpecuBus>0</ITRForm:AdjustedPLFrmSpecuBus>
 </ITRForm:SpecBusinessInc>
 <ITRForm:IncChrgUnHdProftGain>143361</ITRForm:IncChrgUnHdProftGain>
 </ITRForm:ITR4ScheduleBP>
      <ITRForm:ScheduleDPM>
          <ITRForm:PlantMachinery>
              <ITRForm:Rate15>
                  <ITRForm:DepreciationDetail>
                       <ITRForm:WDVFirstDay>0</ITRForm:WDVFirstDay>
                       <ITRForm:AdditionsGrThan180Days>0</ITRForm:AdditionsGrThan180Days>
                       <ITRForm:RealizationTotalPeriod>0</ITRForm:RealizationTotalPeriod>
                       <ITRForm:FullRateDeprAmt>0</ITRForm:FullRateDeprAmt>
                       <ITRForm:AdditionsLessThan180Days>0</ITRForm:AdditionsLessThan180Days>
                       <ITRForm:RealizationPeriodLessThan180days>0</ITRForm:RealizationPeriodLessThan180days>
                       <ITRForm:HalfRateDeprAmt>0</ITRForm:HalfRateDeprAmt>
                       <ITRForm:DepreciationAtFullRate>0</ITRForm:DepreciationAtFullRate>
                       <ITRForm:DepreciationAtHalfRate>0</ITRForm:DepreciationAtHalfRate>
                       <ITRForm:AddlnDeprOnGT180DayAdditions>0</ITRForm:AddlnDeprOnGT180DayAdditions>
                       <ITRForm:AddlnDeprOnLessThan180DayAdditions>0</ITRForm:AddlnDeprOnLessThan180DayAdditions>
                       <ITRForm:TotalDepreciation>0</ITRForm:TotalDepreciation>
                       <ITRForm:ExpdrOnTrforSaleAsset>0</ITRForm:ExpdrOnTrforSaleAsset>
                       <ITRForm:CapGainUs50>0</ITRForm:CapGainUs50>
                       <ITRForm:WDVLastDay>0</ITRForm:WDVLastDay>
                  </ITRForm:DepreciationDetail>
              </ITRForm:Rate15>
              <ITRForm:Rate30>
                  <ITRForm:DepreciationDetail>
                       <ITRForm:WDVFirstDay>0</ITRForm:WDVFirstDay>
                       <ITRForm:AdditionsGrThan180Days>0</ITRForm:AdditionsGrThan180Days>
                       <ITRForm:RealizationTotalPeriod>0</ITRForm:RealizationTotalPeriod>
                       <ITRForm:FullRateDeprAmt>0</ITRForm:FullRateDeprAmt>
                       <ITRForm:AdditionsLessThan180Days>0</ITRForm:AdditionsLessThan180Days>
                       <ITRForm:RealizationPeriodLessThan180days>0</ITRForm:RealizationPeriodLessThan180days>
                       <ITRForm:HalfRateDeprAmt>0</ITRForm:HalfRateDeprAmt>
                       <ITRForm:DepreciationAtFullRate>0</ITRForm:DepreciationAtFullRate>
                       <ITRForm:DepreciationAtHalfRate>0</ITRForm:DepreciationAtHalfRate>
                       <ITRForm:AddlnDeprOnGT180DayAdditions>0</ITRForm:AddlnDeprOnGT180DayAdditions>
                       <ITRForm:AddlnDeprOnLessThan180DayAdditions>0</ITRForm:AddlnDeprOnLessThan180DayAdditions>
                       <ITRForm:TotalDepreciation>0</ITRForm:TotalDepreciation>
                       <ITRForm:ExpdrOnTrforSaleAsset>0</ITRForm:ExpdrOnTrforSaleAsset>
                       <ITRForm:CapGainUs50>0</ITRForm:CapGainUs50>
                       <ITRForm:WDVLastDay>0</ITRForm:WDVLastDay>
                  </ITRForm:DepreciationDetail>
              </ITRForm:Rate30>
              <ITRForm:Rate40>
                  <ITRForm:DepreciationDetail>
                       <ITRForm:WDVFirstDay>0</ITRForm:WDVFirstDay>
                       <ITRForm:AdditionsGrThan180Days>0</ITRForm:AdditionsGrThan180Days>
                       <ITRForm:RealizationTotalPeriod>0</ITRForm:RealizationTotalPeriod>
                       <ITRForm:FullRateDeprAmt>0</ITRForm:FullRateDeprAmt>
                       <ITRForm:AdditionsLessThan180Days>0</ITRForm:AdditionsLessThan180Days>
                       <ITRForm:RealizationPeriodLessThan180days>0</ITRForm:RealizationPeriodLessThan180days>
                       <ITRForm:HalfRateDeprAmt>0</ITRForm:HalfRateDeprAmt>
                       <ITRForm:DepreciationAtFullRate>0</ITRForm:DepreciationAtFullRate>
                       <ITRForm:DepreciationAtHalfRate>0</ITRForm:DepreciationAtHalfRate>
                       <ITRForm:AddlnDeprOnGT180DayAdditions>0</ITRForm:AddlnDeprOnGT180DayAdditions>
                       <ITRForm:AddlnDeprOnLessThan180DayAdditions>0</ITRForm:AddlnDeprOnLessThan180DayAdditions>
                       <ITRForm:TotalDepreciation>0</ITRForm:TotalDepreciation>
                       <ITRForm:ExpdrOnTrforSaleAsset>0</ITRForm:ExpdrOnTrforSaleAsset>
                       <ITRForm:CapGainUs50>0</ITRForm:CapGainUs50>
                       <ITRForm:WDVLastDay>0</ITRForm:WDVLastDay>
                  </ITRForm:DepreciationDetail>
              </ITRForm:Rate40>
              <ITRForm:Rate50>
                  <ITRForm:DepreciationDetail>
                       <ITRForm:WDVFirstDay>0</ITRForm:WDVFirstDay>
                       <ITRForm:AdditionsGrThan180Days>0</ITRForm:AdditionsGrThan180Days>
                       <ITRForm:RealizationTotalPeriod>0</ITRForm:RealizationTotalPeriod>
                       <ITRForm:FullRateDeprAmt>0</ITRForm:FullRateDeprAmt>
                       <ITRForm:AdditionsLessThan180Days>0</ITRForm:AdditionsLessThan180Days>
                       <ITRForm:RealizationPeriodLessThan180days>0</ITRForm:RealizationPeriodLessThan180days>
                       <ITRForm:HalfRateDeprAmt>0</ITRForm:HalfRateDeprAmt>
                       <ITRForm:DepreciationAtFullRate>0</ITRForm:DepreciationAtFullRate>
                       <ITRForm:DepreciationAtHalfRate>0</ITRForm:DepreciationAtHalfRate>
                       <ITRForm:AddlnDeprOnGT180DayAdditions>0</ITRForm:AddlnDeprOnGT180DayAdditions>
                       <ITRForm:AddlnDeprOnLessThan180DayAdditions>0</ITRForm:AddlnDeprOnLessThan180DayAdditions>
                       <ITRForm:TotalDepreciation>0</ITRForm:TotalDepreciation>
                       <ITRForm:ExpdrOnTrforSaleAsset>0</ITRForm:ExpdrOnTrforSaleAsset>
                       <ITRForm:CapGainUs50>0</ITRForm:CapGainUs50>
                       <ITRForm:WDVLastDay>0</ITRForm:WDVLastDay>
                  </ITRForm:DepreciationDetail>
              </ITRForm:Rate50>
              <ITRForm:Rate60>
                  <ITRForm:DepreciationDetail>
                       <ITRForm:WDVFirstDay>0</ITRForm:WDVFirstDay>
                       <ITRForm:AdditionsGrThan180Days>0</ITRForm:AdditionsGrThan180Days>
                       <ITRForm:RealizationTotalPeriod>0</ITRForm:RealizationTotalPeriod>
                       <ITRForm:FullRateDeprAmt>0</ITRForm:FullRateDeprAmt>
                       <ITRForm:AdditionsLessThan180Days>0</ITRForm:AdditionsLessThan180Days>
                       <ITRForm:RealizationPeriodLessThan180days>0</ITRForm:RealizationPeriodLessThan180days>
                       <ITRForm:HalfRateDeprAmt>0</ITRForm:HalfRateDeprAmt>
                       <ITRForm:DepreciationAtFullRate>0</ITRForm:DepreciationAtFullRate>
                       <ITRForm:DepreciationAtHalfRate>0</ITRForm:DepreciationAtHalfRate>
                       <ITRForm:AddlnDeprOnGT180DayAdditions>0</ITRForm:AddlnDeprOnGT180DayAdditions>
                       <ITRForm:AddlnDeprOnLessThan180DayAdditions>0</ITRForm:AddlnDeprOnLessThan180DayAdditions>
                       <ITRForm:TotalDepreciation>0</ITRForm:TotalDepreciation>
                       <ITRForm:ExpdrOnTrforSaleAsset>0</ITRForm:ExpdrOnTrforSaleAsset>
                       <ITRForm:CapGainUs50>0</ITRForm:CapGainUs50>
                       <ITRForm:WDVLastDay>0</ITRForm:WDVLastDay>
                  </ITRForm:DepreciationDetail>
              </ITRForm:Rate60>
              <ITRForm:Rate80>
                  <ITRForm:DepreciationDetail>
                       <ITRForm:WDVFirstDay>0</ITRForm:WDVFirstDay>
                       <ITRForm:AdditionsGrThan180Days>0</ITRForm:AdditionsGrThan180Days>
                       <ITRForm:RealizationTotalPeriod>0</ITRForm:RealizationTotalPeriod>
                       <ITRForm:FullRateDeprAmt>0</ITRForm:FullRateDeprAmt>
                       <ITRForm:AdditionsLessThan180Days>0</ITRForm:AdditionsLessThan180Days>
                       <ITRForm:RealizationPeriodLessThan180days>0</ITRForm:RealizationPeriodLessThan180days>
                       <ITRForm:HalfRateDeprAmt>0</ITRForm:HalfRateDeprAmt>
                       <ITRForm:DepreciationAtFullRate>0</ITRForm:DepreciationAtFullRate>
                       <ITRForm:DepreciationAtHalfRate>0</ITRForm:DepreciationAtHalfRate>
                       <ITRForm:AddlnDeprOnGT180DayAdditions>0</ITRForm:AddlnDeprOnGT180DayAdditions>
                       <ITRForm:AddlnDeprOnLessThan180DayAdditions>0</ITRForm:AddlnDeprOnLessThan180DayAdditions>
                       <ITRForm:TotalDepreciation>0</ITRForm:TotalDepreciation>
                       <ITRForm:ExpdrOnTrforSaleAsset>0</ITRForm:ExpdrOnTrforSaleAsset>
                       <ITRForm:CapGainUs50>0</ITRForm:CapGainUs50>
                       <ITRForm:WDVLastDay>0</ITRForm:WDVLastDay>
                  </ITRForm:DepreciationDetail>
              </ITRForm:Rate80>
              <ITRForm:Rate100>
                  <ITRForm:DepreciationDetail>
                       <ITRForm:WDVFirstDay>0</ITRForm:WDVFirstDay>
                       <ITRForm:AdditionsGrThan180Days>0</ITRForm:AdditionsGrThan180Days>
                       <ITRForm:RealizationTotalPeriod>0</ITRForm:RealizationTotalPeriod>
                       <ITRForm:FullRateDeprAmt>0</ITRForm:FullRateDeprAmt>
                       <ITRForm:AdditionsLessThan180Days>0</ITRForm:AdditionsLessThan180Days>
                       <ITRForm:RealizationPeriodLessThan180days>0</ITRForm:RealizationPeriodLessThan180days>
                       <ITRForm:HalfRateDeprAmt>0</ITRForm:HalfRateDeprAmt>
                       <ITRForm:DepreciationAtFullRate>0</ITRForm:DepreciationAtFullRate>
                       <ITRForm:DepreciationAtHalfRate>0</ITRForm:DepreciationAtHalfRate>
                       <ITRForm:AddlnDeprOnGT180DayAdditions>0</ITRForm:AddlnDeprOnGT180DayAdditions>
                       <ITRForm:AddlnDeprOnLessThan180DayAdditions>0</ITRForm:AddlnDeprOnLessThan180DayAdditions>
                       <ITRForm:TotalDepreciation>0</ITRForm:TotalDepreciation>
                       <ITRForm:ExpdrOnTrforSaleAsset>0</ITRForm:ExpdrOnTrforSaleAsset>
                       <ITRForm:CapGainUs50>0</ITRForm:CapGainUs50>
                       <ITRForm:WDVLastDay>0</ITRForm:WDVLastDay>
                  </ITRForm:DepreciationDetail>
              </ITRForm:Rate100>
          </ITRForm:PlantMachinery>
      </ITRForm:ScheduleDPM>
      <ITRForm:ScheduleDOA>
          <ITRForm:Building>
              <ITRForm:Rate5>
                  <ITRForm:DepreciationDetail>
                       <ITRForm:WDVFirstDay>0</ITRForm:WDVFirstDay>
                       <ITRForm:AdditionsGrThan180Days>0</ITRForm:AdditionsGrThan180Days>
                       <ITRForm:RealizationTotalPeriod>0</ITRForm:RealizationTotalPeriod>
                       <ITRForm:FullRateDeprAmt>0</ITRForm:FullRateDeprAmt>
                       <ITRForm:AdditionsLessThan180Days>0</ITRForm:AdditionsLessThan180Days>
                       <ITRForm:RealizationPeriodLessThan180days>0</ITRForm:RealizationPeriodLessThan180days>
                       <ITRForm:HalfRateDeprAmt>0</ITRForm:HalfRateDeprAmt>
                       <ITRForm:DepreciationAtFullRate>0</ITRForm:DepreciationAtFullRate>
                       <ITRForm:DepreciationAtHalfRate>0</ITRForm:DepreciationAtHalfRate>
                       <ITRForm:AddlnDeprOnGT180DayAdditions>0</ITRForm:AddlnDeprOnGT180DayAdditions>
                       <ITRForm:AddlnDeprOnLessThan180DayAdditions>0</ITRForm:AddlnDeprOnLessThan180DayAdditions>
                       <ITRForm:TotalDepreciation>0</ITRForm:TotalDepreciation>
                       <ITRForm:ExpdrOnTrforSaleAsset>0</ITRForm:ExpdrOnTrforSaleAsset>
                       <ITRForm:CapGainUs50>0</ITRForm:CapGainUs50>
                       <ITRForm:WDVLastDay>0</ITRForm:WDVLastDay>
                  </ITRForm:DepreciationDetail>
              </ITRForm:Rate5>
              <ITRForm:Rate10>
                  <ITRForm:DepreciationDetail>
                       <ITRForm:WDVFirstDay>0</ITRForm:WDVFirstDay>
                       <ITRForm:AdditionsGrThan180Days>0</ITRForm:AdditionsGrThan180Days>
                       <ITRForm:RealizationTotalPeriod>0</ITRForm:RealizationTotalPeriod>
                       <ITRForm:FullRateDeprAmt>0</ITRForm:FullRateDeprAmt>
                       <ITRForm:AdditionsLessThan180Days>0</ITRForm:AdditionsLessThan180Days>
                       <ITRForm:RealizationPeriodLessThan180days>0</ITRForm:RealizationPeriodLessThan180days>
                       <ITRForm:HalfRateDeprAmt>0</ITRForm:HalfRateDeprAmt>
                       <ITRForm:DepreciationAtFullRate>0</ITRForm:DepreciationAtFullRate>
                       <ITRForm:DepreciationAtHalfRate>0</ITRForm:DepreciationAtHalfRate>
                       <ITRForm:AddlnDeprOnGT180DayAdditions>0</ITRForm:AddlnDeprOnGT180DayAdditions>
                       <ITRForm:AddlnDeprOnLessThan180DayAdditions>0</ITRForm:AddlnDeprOnLessThan180DayAdditions>
                       <ITRForm:TotalDepreciation>0</ITRForm:TotalDepreciation>
                       <ITRForm:ExpdrOnTrforSaleAsset>0</ITRForm:ExpdrOnTrforSaleAsset>
                       <ITRForm:CapGainUs50>0</ITRForm:CapGainUs50>
                       <ITRForm:WDVLastDay>0</ITRForm:WDVLastDay>
                  </ITRForm:DepreciationDetail>
              </ITRForm:Rate10>
              <ITRForm:Rate100>
                  <ITRForm:DepreciationDetail>
                       <ITRForm:WDVFirstDay>0</ITRForm:WDVFirstDay>
                       <ITRForm:AdditionsGrThan180Days>0</ITRForm:AdditionsGrThan180Days>
                       <ITRForm:RealizationTotalPeriod>0</ITRForm:RealizationTotalPeriod>
                       <ITRForm:FullRateDeprAmt>0</ITRForm:FullRateDeprAmt>
                       <ITRForm:AdditionsLessThan180Days>0</ITRForm:AdditionsLessThan180Days>
                       <ITRForm:RealizationPeriodLessThan180days>0</ITRForm:RealizationPeriodLessThan180days>
                       <ITRForm:HalfRateDeprAmt>0</ITRForm:HalfRateDeprAmt>
                       <ITRForm:DepreciationAtFullRate>0</ITRForm:DepreciationAtFullRate>
                       <ITRForm:DepreciationAtHalfRate>0</ITRForm:DepreciationAtHalfRate>
                       <ITRForm:AddlnDeprOnGT180DayAdditions>0</ITRForm:AddlnDeprOnGT180DayAdditions>
                       <ITRForm:AddlnDeprOnLessThan180DayAdditions>0</ITRForm:AddlnDeprOnLessThan180DayAdditions>
                       <ITRForm:TotalDepreciation>0</ITRForm:TotalDepreciation>
                       <ITRForm:ExpdrOnTrforSaleAsset>0</ITRForm:ExpdrOnTrforSaleAsset>
                       <ITRForm:CapGainUs50>0</ITRForm:CapGainUs50>
                       <ITRForm:WDVLastDay>0</ITRForm:WDVLastDay>
                  </ITRForm:DepreciationDetail>
              </ITRForm:Rate100>
          </ITRForm:Building>
          <ITRForm:FurnitureFittings>
              <ITRForm:Rate10>
                  <ITRForm:DepreciationDetail>
                       <ITRForm:WDVFirstDay>0</ITRForm:WDVFirstDay>
                       <ITRForm:AdditionsGrThan180Days>0</ITRForm:AdditionsGrThan180Days>
                       <ITRForm:RealizationTotalPeriod>0</ITRForm:RealizationTotalPeriod>
                       <ITRForm:FullRateDeprAmt>0</ITRForm:FullRateDeprAmt>
                       <ITRForm:AdditionsLessThan180Days>0</ITRForm:AdditionsLessThan180Days>
                       <ITRForm:RealizationPeriodLessThan180days>0</ITRForm:RealizationPeriodLessThan180days>
                       <ITRForm:HalfRateDeprAmt>0</ITRForm:HalfRateDeprAmt>
                       <ITRForm:DepreciationAtFullRate>0</ITRForm:DepreciationAtFullRate>
                       <ITRForm:DepreciationAtHalfRate>0</ITRForm:DepreciationAtHalfRate>
                       <ITRForm:AddlnDeprOnGT180DayAdditions>0</ITRForm:AddlnDeprOnGT180DayAdditions>
                       <ITRForm:AddlnDeprOnLessThan180DayAdditions>0</ITRForm:AddlnDeprOnLessThan180DayAdditions>
                       <ITRForm:TotalDepreciation>0</ITRForm:TotalDepreciation>
                       <ITRForm:ExpdrOnTrforSaleAsset>0</ITRForm:ExpdrOnTrforSaleAsset>
                       <ITRForm:CapGainUs50>0</ITRForm:CapGainUs50>
                       <ITRForm:WDVLastDay>0</ITRForm:WDVLastDay>
                  </ITRForm:DepreciationDetail>
              </ITRForm:Rate10>
          </ITRForm:FurnitureFittings>
          <ITRForm:IntangibleAssets>
              <ITRForm:Rate25>
                  <ITRForm:DepreciationDetail>
                       <ITRForm:WDVFirstDay>0</ITRForm:WDVFirstDay>
                       <ITRForm:AdditionsGrThan180Days>0</ITRForm:AdditionsGrThan180Days>
                       <ITRForm:RealizationTotalPeriod>0</ITRForm:RealizationTotalPeriod>
                       <ITRForm:FullRateDeprAmt>0</ITRForm:FullRateDeprAmt>
                       <ITRForm:AdditionsLessThan180Days>0</ITRForm:AdditionsLessThan180Days>
                       <ITRForm:RealizationPeriodLessThan180days>0</ITRForm:RealizationPeriodLessThan180days>
                       <ITRForm:HalfRateDeprAmt>0</ITRForm:HalfRateDeprAmt>
                       <ITRForm:DepreciationAtFullRate>0</ITRForm:DepreciationAtFullRate>
                       <ITRForm:DepreciationAtHalfRate>0</ITRForm:DepreciationAtHalfRate>
                       <ITRForm:AddlnDeprOnGT180DayAdditions>0</ITRForm:AddlnDeprOnGT180DayAdditions>
                       <ITRForm:AddlnDeprOnLessThan180DayAdditions>0</ITRForm:AddlnDeprOnLessThan180DayAdditions>
                       <ITRForm:TotalDepreciation>0</ITRForm:TotalDepreciation>
                       <ITRForm:ExpdrOnTrforSaleAsset>0</ITRForm:ExpdrOnTrforSaleAsset>
                       <ITRForm:CapGainUs50>0</ITRForm:CapGainUs50>
                       <ITRForm:WDVLastDay>0</ITRForm:WDVLastDay>
                  </ITRForm:DepreciationDetail>
              </ITRForm:Rate25>
          </ITRForm:IntangibleAssets>
          <ITRForm:Ships>
              <ITRForm:Rate20>
                  <ITRForm:DepreciationDetail>
                       <ITRForm:WDVFirstDay>0</ITRForm:WDVFirstDay>
                       <ITRForm:AdditionsGrThan180Days>0</ITRForm:AdditionsGrThan180Days>
                       <ITRForm:RealizationTotalPeriod>0</ITRForm:RealizationTotalPeriod>
                       <ITRForm:FullRateDeprAmt>0</ITRForm:FullRateDeprAmt>
                       <ITRForm:AdditionsLessThan180Days>0</ITRForm:AdditionsLessThan180Days>
                       <ITRForm:RealizationPeriodLessThan180days>0</ITRForm:RealizationPeriodLessThan180days>
                       <ITRForm:HalfRateDeprAmt>0</ITRForm:HalfRateDeprAmt>
                       <ITRForm:DepreciationAtFullRate>0</ITRForm:DepreciationAtFullRate>
                       <ITRForm:DepreciationAtHalfRate>0</ITRForm:DepreciationAtHalfRate>
                       <ITRForm:AddlnDeprOnGT180DayAdditions>0</ITRForm:AddlnDeprOnGT180DayAdditions>
                       <ITRForm:AddlnDeprOnLessThan180DayAdditions>0</ITRForm:AddlnDeprOnLessThan180DayAdditions>
                       <ITRForm:TotalDepreciation>0</ITRForm:TotalDepreciation>
                       <ITRForm:ExpdrOnTrforSaleAsset>0</ITRForm:ExpdrOnTrforSaleAsset>
                       <ITRForm:CapGainUs50>0</ITRForm:CapGainUs50>
                       <ITRForm:WDVLastDay>0</ITRForm:WDVLastDay>
                  </ITRForm:DepreciationDetail>
              </ITRForm:Rate20>
          </ITRForm:Ships>
      </ITRForm:ScheduleDOA>
      <ITRForm:ScheduleDEP>
          <ITRForm:SummaryFromDeprSch>
              <ITRForm:PlantMachinerySummary>
                   <ITRForm:DeprBlockTot15Percent>0</ITRForm:DeprBlockTot15Percent>
                   <ITRForm:DeprBlockTot30Percent>0</ITRForm:DeprBlockTot30Percent>
                   <ITRForm:DeprBlockTot40Percent>0</ITRForm:DeprBlockTot40Percent>
                   <ITRForm:DeprBlockTot50Percent>0</ITRForm:DeprBlockTot50Percent>
                   <ITRForm:DeprBlockTot60Percent>0</ITRForm:DeprBlockTot60Percent>
                   <ITRForm:DeprBlockTot80Percent>0</ITRForm:DeprBlockTot80Percent>
                   <ITRForm:DeprBlockTot100Percent>0</ITRForm:DeprBlockTot100Percent>
                   <ITRForm:TotPlntMach>0</ITRForm:TotPlntMach>
              </ITRForm:PlantMachinerySummary>
              <ITRForm:BuildingSummary>
                   <ITRForm:DeprBlockTot5Percent>0</ITRForm:DeprBlockTot5Percent>
                   <ITRForm:DeprBlockTot10Percent>0</ITRForm:DeprBlockTot10Percent>
                   <ITRForm:DeprBlockTot100Percent>0</ITRForm:DeprBlockTot100Percent>
                   <ITRForm:TotBuildng>0</ITRForm:TotBuildng>
              </ITRForm:BuildingSummary>
               <ITRForm:FurnitureSummary>0</ITRForm:FurnitureSummary>
               <ITRForm:IntangibleAssetSummary>0</ITRForm:IntangibleAssetSummary>
               <ITRForm:ShipsSummary>0</ITRForm:ShipsSummary>
               <ITRForm:TotalDepreciation>0</ITRForm:TotalDepreciation>
          </ITRForm:SummaryFromDeprSch>
      </ITRForm:ScheduleDEP>
      <ITRForm:ScheduleDCG>
          <ITRForm:SummaryFromDeprSchCG>
              <ITRForm:PlantMachinerySummaryCG>
                   <ITRForm:DeprBlockTot15Percent>0</ITRForm:DeprBlockTot15Percent>
                   <ITRForm:DeprBlockTot30Percent>0</ITRForm:DeprBlockTot30Percent>
                   <ITRForm:DeprBlockTot40Percent>0</ITRForm:DeprBlockTot40Percent>
                   <ITRForm:DeprBlockTot50Percent>0</ITRForm:DeprBlockTot50Percent>
                   <ITRForm:DeprBlockTot60Percent>0</ITRForm:DeprBlockTot60Percent>
                   <ITRForm:DeprBlockTot80Percent>0</ITRForm:DeprBlockTot80Percent>
                   <ITRForm:DeprBlockTot100Percent>0</ITRForm:DeprBlockTot100Percent>
                   <ITRForm:TotPlntMach>0</ITRForm:TotPlntMach>
              </ITRForm:PlantMachinerySummaryCG>
              <ITRForm:BuildingSummaryCG>
                   <ITRForm:DeprBlockTot5Percent>0</ITRForm:DeprBlockTot5Percent>
                   <ITRForm:DeprBlockTot10Percent>0</ITRForm:DeprBlockTot10Percent>
                   <ITRForm:DeprBlockTot100Percent>0</ITRForm:DeprBlockTot100Percent>
                   <ITRForm:TotBuildng>0</ITRForm:TotBuildng>
              </ITRForm:BuildingSummaryCG>
               <ITRForm:FurnitureSummary>0</ITRForm:FurnitureSummary>
               <ITRForm:IntangibleAssetSummary>0</ITRForm:IntangibleAssetSummary>
               <ITRForm:ShipsSummary>0</ITRForm:ShipsSummary>
               <ITRForm:TotalDepreciation>0</ITRForm:TotalDepreciation>
          </ITRForm:SummaryFromDeprSchCG>
      </ITRForm:ScheduleDCG>
 <ITRForm:ScheduleCGFor4>
 <ITRForm:ShortTermCapGainFor4>
 <ITRForm:CapGainSlumpSale>
 <ITRForm:FullConsideration>0</ITRForm:FullConsideration>
 <ITRForm:NetWorthOfUTDivn>0</ITRForm:NetWorthOfUTDivn>
 <ITRForm:CGSlumpSale>0</ITRForm:CGSlumpSale>
 <ITRForm:DednUs54s>0</ITRForm:DednUs54s>
 <ITRForm:NetCGSlumpSale>0</ITRForm:NetCGSlumpSale>
 </ITRForm:CapGainSlumpSale>
 <ITRForm:NRIAssetSec48>0</ITRForm:NRIAssetSec48>
 <ITRForm:OtherAsset>
 <ITRForm:FullConsideration>0</ITRForm:FullConsideration>
 <ITRForm:DeductSec48>
 <ITRForm:AquisitCost>0</ITRForm:AquisitCost>
 <ITRForm:ImproveCost>0</ITRForm:ImproveCost>
 <ITRForm:ExpOnTrans>0</ITRForm:ExpOnTrans>
 <ITRForm:TotalDedn>0</ITRForm:TotalDedn>
 </ITRForm:DeductSec48>
 <ITRForm:BalanceCG>0</ITRForm:BalanceCG>
 <ITRForm:LossSec94of7Or94of8>0</ITRForm:LossSec94of7Or94of8>
 <ITRForm:ExemptionOrDednUs54s>0</ITRForm:ExemptionOrDednUs54s>
 <ITRForm:BalCG>0</ITRForm:BalCG>
 </ITRForm:OtherAsset>
 <ITRForm:DeemedSTCGDeprAsset>0</ITRForm:DeemedSTCGDeprAsset>
 <ITRForm:AmtDeemedCGSec54>0</ITRForm:AmtDeemedCGSec54>
 <ITRForm:TotalSTCG>0</ITRForm:TotalSTCG>
 <ITRForm:STCGSec111A>0</ITRForm:STCGSec111A>
 <ITRForm:STCGNotSec111A>0</ITRForm:STCGNotSec111A>
 </ITRForm:ShortTermCapGainFor4>
 <ITRForm:LongTermCapGain4>
 <ITRForm:NRIAssetSec48>0</ITRForm:NRIAssetSec48>
 <ITRForm:CapGainSlumpSale>
 <ITRForm:FullConsideration>0</ITRForm:FullConsideration>
 <ITRForm:NetWorthOfUTDivn>0</ITRForm:NetWorthOfUTDivn>
 <ITRForm:CGSlumpSale>0</ITRForm:CGSlumpSale>
 <ITRForm:DednUs54s>0</ITRForm:DednUs54s>
 <ITRForm:NetCGSlumpSale>0</ITRForm:NetCGSlumpSale>
 </ITRForm:CapGainSlumpSale>
 <ITRForm:OtherAssetNoProviso112>
 <ITRForm:FullConsideration>0</ITRForm:FullConsideration>
 <ITRForm:DeductSec48>
 <ITRForm:AquisitCostIndexed>0</ITRForm:AquisitCostIndexed>
 <ITRForm:ImproveCostIndexed>0</ITRForm:ImproveCostIndexed>
 <ITRForm:ExpOnTrans>0</ITRForm:ExpOnTrans>
 <ITRForm:TotalDedn>0</ITRForm:TotalDedn>
 </ITRForm:DeductSec48>
 <ITRForm:BalanceCG>0</ITRForm:BalanceCG>
 <ITRForm:ExemptionOrDednUs54s>0</ITRForm:ExemptionOrDednUs54s>
 <ITRForm:BalLTCGNo112>0</ITRForm:BalLTCGNo112>
 </ITRForm:OtherAssetNoProviso112>
 <ITRForm:OtherAssetProviso112>
 <ITRForm:FullConsideration>0</ITRForm:FullConsideration>
 <ITRForm:DeductSec48>
 <ITRForm:AquisitCostNoIndex>0</ITRForm:AquisitCostNoIndex>
 <ITRForm:ImproveCostNoIndex>0</ITRForm:ImproveCostNoIndex>
 <ITRForm:ExpOnTrans>0</ITRForm:ExpOnTrans>
 <ITRForm:TotalDedn>0</ITRForm:TotalDedn>
 </ITRForm:DeductSec48>
 <ITRForm:BalanceCG>0</ITRForm:BalanceCG>
 <ITRForm:ExemptionOrDednUs54s>0</ITRForm:ExemptionOrDednUs54s>
 <ITRForm:BalLTCG112>0</ITRForm:BalLTCG112>
 </ITRForm:OtherAssetProviso112>
 <ITRForm:AmtDeemedCGSec54>0</ITRForm:AmtDeemedCGSec54>
 <ITRForm:TotalLTCG>0</ITRForm:TotalLTCG>
 </ITRForm:LongTermCapGain4>
 <ITRForm:IncChargeableHeadCapGains>0</ITRForm:IncChargeableHeadCapGains>
 <ITRForm:AccruOrRecOfCG>
 <ITRForm:Long-Term-112_1_Applicable>
 <ITRForm:DateRange>
 <ITRForm:Upto15Of9>0</ITRForm:Upto15Of9>
 <ITRForm:Up16Of9To15Of12>0</ITRForm:Up16Of9To15Of12>
 <ITRForm:Up16Of12To15Of3>0</ITRForm:Up16Of12To15Of3>
 <ITRForm:Up16Of3To31Of3>0</ITRForm:Up16Of3To31Of3>
 </ITRForm:DateRange>
 </ITRForm:Long-Term-112_1_Applicable>
 <ITRForm:Long-Term>
 <ITRForm:DateRange>
 <ITRForm:Upto15Of9>0</ITRForm:Upto15Of9>
 <ITRForm:Up16Of9To15Of12>0</ITRForm:Up16Of9To15Of12>
 <ITRForm:Up16Of12To15Of3>0</ITRForm:Up16Of12To15Of3>
 <ITRForm:Up16Of3To31Of3>0</ITRForm:Up16Of3To31Of3>
 </ITRForm:DateRange>
 </ITRForm:Long-Term>
 <ITRForm:Short-Term-Under-111A>
 <ITRForm:DateRange>
 <ITRForm:Upto15Of9>0</ITRForm:Upto15Of9>
 <ITRForm:Up16Of9To15Of12>0</ITRForm:Up16Of9To15Of12>
 <ITRForm:Up16Of12To15Of3>0</ITRForm:Up16Of12To15Of3>
 <ITRForm:Up16Of3To31Of3>0</ITRForm:Up16Of3To31Of3>
 </ITRForm:DateRange>
 </ITRForm:Short-Term-Under-111A>
 <ITRForm:Short-Term>
 <ITRForm:DateRange>
 <ITRForm:Upto15Of9>0</ITRForm:Upto15Of9>
 <ITRForm:Up16Of9To15Of12>0</ITRForm:Up16Of9To15Of12>
 <ITRForm:Up16Of12To15Of3>0</ITRForm:Up16Of12To15Of3>
 <ITRForm:Up16Of3To31Of3>0</ITRForm:Up16Of3To31Of3>
 </ITRForm:DateRange>
 </ITRForm:Short-Term>
 </ITRForm:AccruOrRecOfCG>
 </ITRForm:ScheduleCGFor4>
 <ITRForm:ScheduleOS>
 <ITRForm:IncOthThanOwnRaceHorse>
 <ITRForm:DividendGross>0</ITRForm:DividendGross>
 <ITRForm:InterestGross>0</ITRForm:InterestGross>
 <ITRForm:RentFromMachPlantBldgs>0</ITRForm:RentFromMachPlantBldgs>
 <ITRForm:OthersGross>18000</ITRForm:OthersGross>
 <ITRForm:TotalOSGross>18000</ITRForm:TotalOSGross>
 <ITRForm:Deductions>
 <ITRForm:Expenses>0</ITRForm:Expenses>
 <ITRForm:Depreciation>0</ITRForm:Depreciation>
 <ITRForm:TotDeductions>0</ITRForm:TotDeductions>
 </ITRForm:Deductions>
 <ITRForm:BalanceNoRaceHorse>18000</ITRForm:BalanceNoRaceHorse>
 </ITRForm:IncOthThanOwnRaceHorse>
 <ITRForm:WinLottRacePuzz>0</ITRForm:WinLottRacePuzz>
 <ITRForm:TotOthSrcNoRaceHorse>18000</ITRForm:TotOthSrcNoRaceHorse>
 <ITRForm:IncFromOwnHorse>
 <ITRForm:Receipts>0</ITRForm:Receipts>
 <ITRForm:DeductSec57>0</ITRForm:DeductSec57>
 <ITRForm:BalanceOwnRaceHorse>0</ITRForm:BalanceOwnRaceHorse>
 </ITRForm:IncFromOwnHorse>
 <ITRForm:IncChargeable>18000</ITRForm:IncChargeable>
 </ITRForm:ScheduleOS>
 <ITRForm:ScheduleCYLA>
 <ITRForm:Salary>
 <ITRForm:IncCYLA>
 <ITRForm:IncOfCurYrUnderThatHead>0</ITRForm:IncOfCurYrUnderThatHead>
 <ITRForm:HPlossCurYrSetoff>0</ITRForm:HPlossCurYrSetoff>
 <ITRForm:OthSrcLossNoRaceHorseSetoff>0</ITRForm:OthSrcLossNoRaceHorseSetoff>
 <ITRForm:IncOfCurYrAfterSetOff>0</ITRForm:IncOfCurYrAfterSetOff>
 </ITRForm:IncCYLA>
 </ITRForm:Salary>
 <ITRForm:HP>
  <ITRForm:IncCYLA>
 <ITRForm:IncOfCurYrUnderThatHead>0</ITRForm:IncOfCurYrUnderThatHead>
 <ITRForm:BusLossSetoff>0</ITRForm:BusLossSetoff>
 <ITRForm:OthSrcLossNoRaceHorseSetoff>0</ITRForm:OthSrcLossNoRaceHorseSetoff>
 <ITRForm:IncOfCurYrAfterSetOff>0</ITRForm:IncOfCurYrAfterSetOff>
      </ITRForm:IncCYLA>
      </ITRForm:HP>
 <ITRForm:BusProfInclSpecProf>
 <ITRForm:IncCYLA>
 <ITRForm:IncOfCurYrUnderThatHead>143361</ITRForm:IncOfCurYrUnderThatHead>
 <ITRForm:HPlossCurYrSetoff>0</ITRForm:HPlossCurYrSetoff>
 <ITRForm:BusLossSetoff>0</ITRForm:BusLossSetoff>
 <ITRForm:OthSrcLossNoRaceHorseSetoff>0</ITRForm:OthSrcLossNoRaceHorseSetoff>
 <ITRForm:IncOfCurYrAfterSetOff>143361</ITRForm:IncOfCurYrAfterSetOff>
 </ITRForm:IncCYLA>
 </ITRForm:BusProfInclSpecProf>
 <ITRForm:STCG>
 <ITRForm:IncCYLA>
 <ITRForm:IncOfCurYrUnderThatHead>0</ITRForm:IncOfCurYrUnderThatHead>
 <ITRForm:HPlossCurYrSetoff>0</ITRForm:HPlossCurYrSetoff>
 <ITRForm:BusLossSetoff>0</ITRForm:BusLossSetoff>
 <ITRForm:OthSrcLossNoRaceHorseSetoff>0</ITRForm:OthSrcLossNoRaceHorseSetoff>
 <ITRForm:IncOfCurYrAfterSetOff>0</ITRForm:IncOfCurYrAfterSetOff>
 </ITRForm:IncCYLA>
 </ITRForm:STCG>
 <ITRForm:LTCG>
 <ITRForm:IncCYLA>
 <ITRForm:IncOfCurYrUnderThatHead>0</ITRForm:IncOfCurYrUnderThatHead>
 <ITRForm:HPlossCurYrSetoff>0</ITRForm:HPlossCurYrSetoff>
 <ITRForm:BusLossSetoff>0</ITRForm:BusLossSetoff>
 <ITRForm:OthSrcLossNoRaceHorseSetoff>0</ITRForm:OthSrcLossNoRaceHorseSetoff>
 <ITRForm:IncOfCurYrAfterSetOff>0</ITRForm:IncOfCurYrAfterSetOff>
 </ITRForm:IncCYLA>
 </ITRForm:LTCG>
 <ITRForm:OthSrcInclRaceHorse>
 <ITRForm:IncCYLA>
 <ITRForm:IncOfCurYrUnderThatHead>18000</ITRForm:IncOfCurYrUnderThatHead>
 <ITRForm:HPlossCurYrSetoff>0</ITRForm:HPlossCurYrSetoff>
 <ITRForm:BusLossSetoff>0</ITRForm:BusLossSetoff>
 <ITRForm:OthSrcLossNoRaceHorseSetoff>0</ITRForm:OthSrcLossNoRaceHorseSetoff>
 <ITRForm:IncOfCurYrAfterSetOff>18000</ITRForm:IncOfCurYrAfterSetOff>
 </ITRForm:IncCYLA>
 </ITRForm:OthSrcInclRaceHorse>
             <ITRForm:TotalCurYr>
 <ITRForm:TotHPlossCurYr>0</ITRForm:TotHPlossCurYr>
 <ITRForm:TotBusLoss>0</ITRForm:TotBusLoss>
 <ITRForm:TotOthSrcLossNoRaceHorse>0</ITRForm:TotOthSrcLossNoRaceHorse>
             </ITRForm:TotalCurYr>
 <ITRForm:TotalLossSetOff>
 <ITRForm:TotHPlossCurYrSetoff>0</ITRForm:TotHPlossCurYrSetoff>
 <ITRForm:TotBusLossSetoff>0</ITRForm:TotBusLossSetoff>
 <ITRForm:TotOthSrcLossNoRaceHorseSetoff>0</ITRForm:TotOthSrcLossNoRaceHorseSetoff>
 </ITRForm:TotalLossSetOff>
 <ITRForm:LossRemAftSetOff>
 <ITRForm:BalHPlossCurYrAftSetoff>0</ITRForm:BalHPlossCurYrAftSetoff>
 <ITRForm:BalBusLossAftSetoff>0</ITRForm:BalBusLossAftSetoff>
 <ITRForm:BalOthSrcLossNoRaceHorseAftSetoff>0</ITRForm:BalOthSrcLossNoRaceHorseAftSetoff>
 </ITRForm:LossRemAftSetOff>
 </ITRForm:ScheduleCYLA>
 <ITRForm:ScheduleBFLA>
 <ITRForm:HP>
 <ITRForm:IncBFLA>
 <ITRForm:IncOfCurYrUndHeadFromCYLA>0</ITRForm:IncOfCurYrUndHeadFromCYLA>
 <ITRForm:BFlossPrevYrUndSameHeadSetoff>0</ITRForm:BFlossPrevYrUndSameHeadSetoff>
 <ITRForm:BFUnabsorbedDeprSetoff>0</ITRForm:BFUnabsorbedDeprSetoff>
 <ITRForm:BFAllUs35Cl4Setoff>0</ITRForm:BFAllUs35Cl4Setoff>
 <ITRForm:IncOfCurYrAfterSetOffBFLosses>0</ITRForm:IncOfCurYrAfterSetOffBFLosses>
 </ITRForm:IncBFLA>
 </ITRForm:HP>
 <ITRForm:BusProfInclSpecProf>
 <ITRForm:IncBFLA>
 <ITRForm:IncOfCurYrUndHeadFromCYLA>143361</ITRForm:IncOfCurYrUndHeadFromCYLA>
 <ITRForm:BFlossPrevYrUndSameHeadSetoff>0</ITRForm:BFlossPrevYrUndSameHeadSetoff>
 <ITRForm:BFUnabsorbedDeprSetoff>0</ITRForm:BFUnabsorbedDeprSetoff>
 <ITRForm:BFAllUs35Cl4Setoff>0</ITRForm:BFAllUs35Cl4Setoff>
 <ITRForm:IncOfCurYrAfterSetOffBFLosses>143361</ITRForm:IncOfCurYrAfterSetOffBFLosses>
 </ITRForm:IncBFLA>
 </ITRForm:BusProfInclSpecProf>
 <ITRForm:STCG>
 <ITRForm:IncBFLA>
 <ITRForm:IncOfCurYrUndHeadFromCYLA>0</ITRForm:IncOfCurYrUndHeadFromCYLA>
 <ITRForm:BFlossPrevYrUndSameHeadSetoff>0</ITRForm:BFlossPrevYrUndSameHeadSetoff>
 <ITRForm:BFUnabsorbedDeprSetoff>0</ITRForm:BFUnabsorbedDeprSetoff>
 <ITRForm:BFAllUs35Cl4Setoff>0</ITRForm:BFAllUs35Cl4Setoff>
 <ITRForm:IncOfCurYrAfterSetOffBFLosses>0</ITRForm:IncOfCurYrAfterSetOffBFLosses>
 </ITRForm:IncBFLA>
 </ITRForm:STCG>
 <ITRForm:LTCG>
 <ITRForm:IncBFLA>
 <ITRForm:IncOfCurYrUndHeadFromCYLA>0</ITRForm:IncOfCurYrUndHeadFromCYLA>
 <ITRForm:BFlossPrevYrUndSameHeadSetoff>0</ITRForm:BFlossPrevYrUndSameHeadSetoff>
 <ITRForm:BFUnabsorbedDeprSetoff>0</ITRForm:BFUnabsorbedDeprSetoff>
 <ITRForm:BFAllUs35Cl4Setoff>0</ITRForm:BFAllUs35Cl4Setoff>
 <ITRForm:IncOfCurYrAfterSetOffBFLosses>0</ITRForm:IncOfCurYrAfterSetOffBFLosses>
 </ITRForm:IncBFLA>
 </ITRForm:LTCG>
 <ITRForm:OthSrcInclRaceHorse>
 <ITRForm:IncBFLA>
 <ITRForm:IncOfCurYrUndHeadFromCYLA>18000</ITRForm:IncOfCurYrUndHeadFromCYLA>
 <ITRForm:BFlossPrevYrUndSameHeadSetoff>0</ITRForm:BFlossPrevYrUndSameHeadSetoff>
 <ITRForm:BFUnabsorbedDeprSetoff>0</ITRForm:BFUnabsorbedDeprSetoff>
 <ITRForm:BFAllUs35Cl4Setoff>0</ITRForm:BFAllUs35Cl4Setoff>
 <ITRForm:IncOfCurYrAfterSetOffBFLosses>18000</ITRForm:IncOfCurYrAfterSetOffBFLosses>
 </ITRForm:IncBFLA>
 </ITRForm:OthSrcInclRaceHorse>
 <ITRForm:TotalBFLossSetOff>
 <ITRForm:TotBFLossSetoff>0</ITRForm:TotBFLossSetoff>
 <ITRForm:TotUnabsorbedDeprSetoff>0</ITRForm:TotUnabsorbedDeprSetoff>
 <ITRForm:TotAllUs35cl4Setoff>0</ITRForm:TotAllUs35cl4Setoff>
 </ITRForm:TotalBFLossSetOff>
 <ITRForm:IncomeOfCurrYrAftCYLABFLA>161361</ITRForm:IncomeOfCurrYrAftCYLABFLA>
 </ITRForm:ScheduleBFLA>
 <ITRForm:ScheduleCFL>
 <ITRForm:TotalOfBFLossesEarlierYrs>
 <ITRForm:LossSummaryDetail>
 <ITRForm:HPLossCF>0</ITRForm:HPLossCF>
 <ITRForm:BusLossOthThanSpecLossCF>0</ITRForm:BusLossOthThanSpecLossCF>
 <ITRForm:LossFrmSpecBusCF>0</ITRForm:LossFrmSpecBusCF>
 <ITRForm:STCGLossCF>0</ITRForm:STCGLossCF>
 <ITRForm:LTCGLossCF>0</ITRForm:LTCGLossCF>
 <ITRForm:OthSrcLossRaceHorseCF>0</ITRForm:OthSrcLossRaceHorseCF>
 </ITRForm:LossSummaryDetail>
 </ITRForm:TotalOfBFLossesEarlierYrs>
 <ITRForm:AdjTotBFLossInBFLA>
 <ITRForm:LossSummaryDetail>
 <ITRForm:HPLossCF>0</ITRForm:HPLossCF>
 <ITRForm:BusLossOthThanSpecLossCF>0</ITRForm:BusLossOthThanSpecLossCF>
 <ITRForm:LossFrmSpecBusCF>0</ITRForm:LossFrmSpecBusCF>
 <ITRForm:STCGLossCF>0</ITRForm:STCGLossCF>
 <ITRForm:LTCGLossCF>0</ITRForm:LTCGLossCF>
 <ITRForm:OthSrcLossRaceHorseCF>0</ITRForm:OthSrcLossRaceHorseCF>
 </ITRForm:LossSummaryDetail>
 </ITRForm:AdjTotBFLossInBFLA>
 <ITRForm:CurrentAYloss>
 <ITRForm:LossSummaryDetail>
 <ITRForm:HPLossCF>0</ITRForm:HPLossCF>
 <ITRForm:BusLossOthThanSpecLossCF>0</ITRForm:BusLossOthThanSpecLossCF>
 <ITRForm:LossFrmSpecBusCF>0</ITRForm:LossFrmSpecBusCF>
 <ITRForm:STCGLossCF>0</ITRForm:STCGLossCF>
 <ITRForm:LTCGLossCF>0</ITRForm:LTCGLossCF>
 <ITRForm:OthSrcLossRaceHorseCF>0</ITRForm:OthSrcLossRaceHorseCF>
 </ITRForm:LossSummaryDetail>
 </ITRForm:CurrentAYloss>
 <ITRForm:TotalLossCFSummary>
 <ITRForm:LossSummaryDetail>
 <ITRForm:HPLossCF>0</ITRForm:HPLossCF>
 <ITRForm:BusLossOthThanSpecLossCF>0</ITRForm:BusLossOthThanSpecLossCF>
 <ITRForm:LossFrmSpecBusCF>0</ITRForm:LossFrmSpecBusCF>
 <ITRForm:STCGLossCF>0</ITRForm:STCGLossCF>
 <ITRForm:LTCGLossCF>0</ITRForm:LTCGLossCF>
 <ITRForm:OthSrcLossRaceHorseCF>0</ITRForm:OthSrcLossRaceHorseCF>
 </ITRForm:LossSummaryDetail>
 </ITRForm:TotalLossCFSummary>
 </ITRForm:ScheduleCFL>
      <ITRForm:Schedule80_IA>
           <ITRForm:DeductProfUs80_IA_4_i>0</ITRForm:DeductProfUs80_IA_4_i>
           <ITRForm:DeductProfUs80_IA_4_ii>0</ITRForm:DeductProfUs80_IA_4_ii>
           <ITRForm:DeductProfUs80_IA_4_iii>0</ITRForm:DeductProfUs80_IA_4_iii>
           <ITRForm:DeductProfUs80_IA_4_iv>0</ITRForm:DeductProfUs80_IA_4_iv>
           <ITRForm:DeductProfUs80_IA_4_v>0</ITRForm:DeductProfUs80_IA_4_v>
           <ITRForm:TotSchedule80_IA>0</ITRForm:TotSchedule80_IA>
      </ITRForm:Schedule80_IA>
      <ITRForm:Schedule80_IB>
           <ITRForm:DeductSSIUs80_IB_3>0</ITRForm:DeductSSIUs80_IB_3>
           <ITRForm:DeductJKLocUs80_IB_4>0</ITRForm:DeductJKLocUs80_IB_4>
           <ITRForm:DeductBackStatesUs80_IB_4>0</ITRForm:DeductBackStatesUs80_IB_4>
           <ITRForm:DeductBackDisttUs80_IB_5>0</ITRForm:DeductBackDisttUs80_IB_5>
           <ITRForm:DeductMultiplexUs80_IB_7A>0</ITRForm:DeductMultiplexUs80_IB_7A>
           <ITRForm:DeductConvCentUs80_IB_7B>0</ITRForm:DeductConvCentUs80_IB_7B>
           <ITRForm:DeductScientificResUs80_IB_8A>0</ITRForm:DeductScientificResUs80_IB_8A>
           <ITRForm:DeductMinOilUs80_IB_9>0</ITRForm:DeductMinOilUs80_IB_9>
           <ITRForm:DeductHousUs80_IB_10>0</ITRForm:DeductHousUs80_IB_10>
           <ITRForm:DeductColdChainUs80_IB_11>0</ITRForm:DeductColdChainUs80_IB_11>
           <ITRForm:DeductFruitVegUs80_IB_11A>0</ITRForm:DeductFruitVegUs80_IB_11A>
           <ITRForm:DeductFoodGrainUs80_IB_11A>0</ITRForm:DeductFoodGrainUs80_IB_11A>
           <ITRForm:DeductRurHospUs80_IB_11B>0</ITRForm:DeductRurHospUs80_IB_11B>
           <ITRForm:TotSchedule80_IB>0</ITRForm:TotSchedule80_IB>
      </ITRForm:Schedule80_IB>
      <ITRForm:Schedule80_IC>
           <ITRForm:DeductInSikkim>0</ITRForm:DeductInSikkim>
           <ITRForm:DeductInHimachalP>0</ITRForm:DeductInHimachalP>
           <ITRForm:DeductInUttaranchal>0</ITRForm:DeductInUttaranchal>
          <ITRForm:DeductInNorthEast>
               <ITRForm:Assam>0</ITRForm:Assam>
               <ITRForm:ArunachalPradesh>0</ITRForm:ArunachalPradesh>
               <ITRForm:Manipur>0</ITRForm:Manipur>
               <ITRForm:Mizoram>0</ITRForm:Mizoram>
               <ITRForm:Meghalaya>0</ITRForm:Meghalaya>
               <ITRForm:Nagaland>0</ITRForm:Nagaland>
               <ITRForm:Tripura>0</ITRForm:Tripura>
               <ITRForm:TotDeductInNorthEast>0</ITRForm:TotDeductInNorthEast>
          </ITRForm:DeductInNorthEast>
           <ITRForm:TotSchedule80_IC>0</ITRForm:TotSchedule80_IC>
      </ITRForm:Schedule80_IC>
 <ITRForm:ScheduleVIA>
 <ITRForm:DeductUndChapVIA>
 <ITRForm:Section80C>0</ITRForm:Section80C>
 <ITRForm:Section80CCC>0</ITRForm:Section80CCC>
 <ITRForm:Section80CCD>0</ITRForm:Section80CCD>
 <ITRForm:Section80CCF>0</ITRForm:Section80CCF>
 <ITRForm:Section80D>0</ITRForm:Section80D>
 <ITRForm:Section80DD>0</ITRForm:Section80DD>
 <ITRForm:Section80DDB>0</ITRForm:Section80DDB>
 <ITRForm:Section80E>0</ITRForm:Section80E>
 <ITRForm:Section80G>0</ITRForm:Section80G>
 <ITRForm:Section80GG>0</ITRForm:Section80GG>
 <ITRForm:Section80GGC>0</ITRForm:Section80GGC>
 <ITRForm:Section80U>0</ITRForm:Section80U>
 <ITRForm:Section80RRB>0</ITRForm:Section80RRB>
 <ITRForm:Section80QQB>0</ITRForm:Section80QQB>
 <ITRForm:Section80IA>0</ITRForm:Section80IA>
 <ITRForm:Section80IAB>0</ITRForm:Section80IAB>
 <ITRForm:Section80IB>0</ITRForm:Section80IB>
 <ITRForm:Section80IC>0</ITRForm:Section80IC>
 <ITRForm:Section80JJA>0</ITRForm:Section80JJA>
 <ITRForm:TotalChapVIADeductions>0</ITRForm:TotalChapVIADeductions>
 </ITRForm:DeductUndChapVIA>
 </ITRForm:ScheduleVIA>
 <ITRForm:ScheduleSTTR>
 <ITRForm:IncChrgSTT>
 <ITRForm:STTNonSpecBus>0</ITRForm:STTNonSpecBus>
 <ITRForm:STTSpecBus>0</ITRForm:STTSpecBus>
 <ITRForm:TotChrgAmtSTT>0</ITRForm:TotChrgAmtSTT>
 </ITRForm:IncChrgSTT>
 <ITRForm:TaxPaySTTAvgRate>0</ITRForm:TaxPaySTTAvgRate>
 <ITRForm:STTPaid>0</ITRForm:STTPaid>
 <ITRForm:RebateUs88E>0</ITRForm:RebateUs88E>
 </ITRForm:ScheduleSTTR>
      <ITRForm:ScheduleSI>
           <ITRForm:SplCodeRateTax>
               <ITRForm:SecCode>21</ITRForm:SecCode>
               <ITRForm:SplRatePercent>20</ITRForm:SplRatePercent>
               <ITRForm:SplRateInc>0</ITRForm:SplRateInc>
               <ITRForm:SplRateIncTax>0</ITRForm:SplRateIncTax>
           </ITRForm:SplCodeRateTax>
           <ITRForm:SplCodeRateTax>
               <ITRForm:SecCode>1A</ITRForm:SecCode>
               <ITRForm:SplRatePercent>15</ITRForm:SplRatePercent>
               <ITRForm:SplRateInc>0</ITRForm:SplRateInc>
               <ITRForm:SplRateIncTax>0</ITRForm:SplRateIncTax>
           </ITRForm:SplCodeRateTax>
           <ITRForm:SplCodeRateTax>
               <ITRForm:SecCode>22</ITRForm:SecCode>
               <ITRForm:SplRatePercent>10</ITRForm:SplRatePercent>
               <ITRForm:SplRateInc>0</ITRForm:SplRateInc>
               <ITRForm:SplRateIncTax>0</ITRForm:SplRateIncTax>
           </ITRForm:SplCodeRateTax>
           <ITRForm:SplCodeRateTax>
               <ITRForm:SecCode>5BB</ITRForm:SecCode>
               <ITRForm:SplRatePercent>30</ITRForm:SplRatePercent>
               <ITRForm:SplRateInc>0</ITRForm:SplRateInc>
               <ITRForm:SplRateIncTax>0</ITRForm:SplRateIncTax>
           </ITRForm:SplCodeRateTax>
           <ITRForm:SplCodeRateTax>
               <ITRForm:SecCode>1</ITRForm:SecCode>
               <ITRForm:SplRatePercent>10</ITRForm:SplRatePercent>
               <ITRForm:SplRateInc>0</ITRForm:SplRateInc>
               <ITRForm:SplRateIncTax>0</ITRForm:SplRateIncTax>
           </ITRForm:SplCodeRateTax>
           <ITRForm:SplCodeRateTax>
               <ITRForm:SecCode>DTAA</ITRForm:SecCode>
               <ITRForm:SplRatePercent>10</ITRForm:SplRatePercent>
               <ITRForm:SplRateInc>0</ITRForm:SplRateInc>
               <ITRForm:SplRateIncTax>0</ITRForm:SplRateIncTax>
           </ITRForm:SplCodeRateTax>
           <ITRForm:SplCodeRateTax>
               <ITRForm:SecCode>4A1</ITRForm:SecCode>
               <ITRForm:SplRatePercent>30</ITRForm:SplRatePercent>
               <ITRForm:SplRateInc>0</ITRForm:SplRateInc>
               <ITRForm:SplRateIncTax>0</ITRForm:SplRateIncTax>
           </ITRForm:SplCodeRateTax>
           <ITRForm:SplCodeRateTax>
               <ITRForm:SecCode>5A1b2</ITRForm:SecCode>
               <ITRForm:SplRatePercent>20</ITRForm:SplRatePercent>
               <ITRForm:SplRateInc>0</ITRForm:SplRateInc>
               <ITRForm:SplRateIncTax>0</ITRForm:SplRateIncTax>
           </ITRForm:SplCodeRateTax>
           <ITRForm:SplCodeRateTax>
               <ITRForm:SecCode>7A</ITRForm:SecCode>
               <ITRForm:SplRatePercent>30</ITRForm:SplRatePercent>
               <ITRForm:SplRateInc>0</ITRForm:SplRateInc>
               <ITRForm:SplRateIncTax>0</ITRForm:SplRateIncTax>
           </ITRForm:SplCodeRateTax>
           <ITRForm:SplCodeRateTax>
               <ITRForm:SecCode>5Eb</ITRForm:SecCode>
               <ITRForm:SplRatePercent>10</ITRForm:SplRatePercent>
               <ITRForm:SplRateInc>0</ITRForm:SplRateInc>
               <ITRForm:SplRateIncTax>0</ITRForm:SplRateIncTax>
           </ITRForm:SplCodeRateTax>
           <ITRForm:TotSplRateIncTax>0</ITRForm:TotSplRateIncTax>
      </ITRForm:ScheduleSI>
</ITR4FORM:ITR4>
</ITRETURN:ITR>
